"id","timestamp","name","category","powerscore","vehicle_durability","durability","mass","feature_bullet","feature_explosion","feature_fire","feature_cold","feature_contact","feature_electric","feature_passthru","feature_ram"
1,"2026-02-07T18:03:13.289935+00:00Z",Buggy engine cover,Frame part,14,,5,5,,,,,,,90,
2,"2026-02-07T18:03:14.658659+00:00Z",Left catheter,Frame part,7,,4,4,,,,,,,90,
5,"2026-02-07T18:04:50.924603+00:00Z",Left buggy corner,Frame part,11,,4,4,,,,,,,90,
8,"2026-02-07T18:04:55.199808+00:00Z",Left skid landing gear,Frame part,42,,13,14,,,,,,,90,
9,"2026-02-07T18:04:56.361375+00:00Z",Radiator grille,Frame part,21,,7,7,,,,,,,90,
10,"2026-02-07T18:04:57.743700+00:00Z",Right buggy corner,Frame part,11,,4,4,,,,,,,90,
11,"2026-02-07T18:04:58.978875+00:00Z",Right catheter,Frame part,7,,4,4,,,,,,,90,
12,"2026-02-07T18:05:00.549009+00:00Z",Right elbow,Frame part,2,,29,34,,,,,,,90,
13,"2026-02-07T18:05:01.471589+00:00Z",Right skid landing gear,Frame part,42,,13,14,,,,,,,90,
14,"2026-02-07T18:05:02.469945+00:00Z",Small buggy floor,Frame part,28,,8,9,,,,,,,90,
15,"2026-02-07T18:05:03.697550+00:00Z",Tendinis left,Frame part,39,,16,19,,,,,,,90,
16,"2026-02-07T18:05:04.915136+00:00Z",Tendinis right,Frame part,39,,16,19,,,,,,,90,
17,"2026-02-07T18:05:05.954208+00:00Z",Vial,Frame part,49,,21,24,,,,,,,90,
18,"2026-02-07T18:05:07.136437+00:00Z",Brazier,Buggy part,13,18,18,27,5,5,10,10,,,,
19,"2026-02-07T18:05:08.360482+00:00Z",Buggy fender left,Buggy part,5,8,8,11,5,5,10,10,,,,
20,"2026-02-07T18:05:09.965101+00:00Z",Buggy fender right,Buggy part,5,8,8,11,5,5,10,10,,,,
22,"2026-02-07T18:05:12.197264+00:00Z",Buggy step plate,Buggy part,6,10,10,14,5,5,10,10,,,,
23,"2026-02-07T18:05:13.497697+00:00Z",Comb,Buggy part,3,5,5,7,5,5,10,10,,,,
24,"2026-02-07T18:05:14.601612+00:00Z",Dipper,Buggy part,13,18,18,27,5,5,10,10,,,,
25,"2026-02-07T18:05:15.678658+00:00Z",Dryer,Buggy part,9,13,13,19,5,5,10,10,,,,
26,"2026-02-07T18:05:17.161009+00:00Z",Fryer,Buggy part,26,36,36,54,5,5,10,10,,,,
28,"2026-02-07T18:05:23.090818+00:00Z",Left Kutkh foot,Buggy part,29,41,41,61,5,5,10,10,,,,
29,"2026-02-07T18:06:03.167389+00:00Z",Left Kutkh wing,Buggy part,35,50,50,74,5,5,10,10,,,,
30,"2026-02-07T18:06:04.149720+00:00Z",Left armrest,Buggy part,5,8,8,11,5,5,10,10,,,,
32,"2026-02-07T18:06:06.039963+00:00Z",Left shoulder rest,Buggy part,19,28,28,41,5,5,10,10,,,,
33,"2026-02-07T18:06:07.175891+00:00Z",Right Kutkh foot,Buggy part,29,41,41,61,5,5,10,10,,,,
34,"2026-02-07T18:06:08.124143+00:00Z",Right Kutkh wing,Buggy part,35,50,50,74,5,5,10,10,,,,
35,"2026-02-07T18:06:09.056116+00:00Z",Right armrest,Buggy part,5,8,8,11,5,5,10,10,,,,
36,"2026-02-07T18:06:09.974783+00:00Z",Right crutch,Buggy part,9,13,13,19,5,5,10,10,,,,
37,"2026-02-07T18:06:11.369297+00:00Z",Right shoulder rest,Buggy part,19,28,28,41,5,5,10,10,,,,
41,"2026-02-07T18:06:15.325210+00:00Z",Left backmarker,Race car part,16,23,23,34,5,5,10,10,,,,
42,"2026-02-07T18:06:16.328602+00:00Z",Left bend,Race car part,13,18,18,27,5,5,10,10,,,,
43,"2026-02-07T18:06:17.548002+00:00Z",Right backmarker,Race car part,16,23,23,34,5,5,10,10,,,,
44,"2026-02-07T18:06:18.666764+00:00Z",Right bend,Race car part,13,18,18,27,5,5,10,10,,,,
45,"2026-02-07T18:06:19.634306+00:00Z",Left phalanx,"Famine"" part",11,16,16,24,,,40,0,,0,,
46,"2026-02-07T18:06:21.035977+00:00Z",Side guard left,"""Bully"" part",10,14,14,21,5,5,10,10,,,,
47,"2026-02-07T18:06:22.099570+00:00Z",Right shielded fender,"""Bully"" part",6,8,8,12,5,5,10,10,,,,
48,"2026-02-07T18:06:22.797200+00:00Z",Powerslide,"Bully"" part",64,90,90,135,,,,,,,25,
49,"2026-02-07T18:06:24.128443+00:00Z",Left shielded fender,"""Bully"" part",6,8,8,12,5,5,10,10,,,,
50,"2026-02-07T18:06:24.827840+00:00Z","""Bully"" nosecut","""Bully"" part",13,18,18,27,5,5,10,10,,,,
51,"2026-02-07T18:06:25.746704+00:00Z",Rump,"Famine"" part",22,32,32,48,,,40,40,,50,,
52,"2026-02-07T18:06:26.621249+00:00Z",Right rib,"""Famine"" part",18,25,25,37,,,40,40,,50,,
53,"2026-02-07T18:06:27.506220+00:00Z",Right phalanx,"Famine"" part",11,16,16,24,,,40,40,,50,,
54,"2026-02-07T18:06:28.648096+00:00Z",Left rib,"""Famine"" part",18,25,25,37,,,40,40,,50,,
55,"2026-02-07T18:06:31.661768+00:00Z",Side guard right,"""Bully"" part",10,14,14,21,5,5,10,10,,,,
56,"2026-02-07T18:06:32.731497+00:00Z","""Cover your left""",Hot Rod part,11,20,20,32,10,10,20,20,,,,
57,"2026-02-07T18:06:33.841615+00:00Z","""Cover your right""",Hot Rod part,11,20,20,32,10,10,20,20,,,,
58,"2026-02-07T18:06:34.900533+00:00Z",Aura,Hot Rod part,16,28,28,45,10,10,20,20,,,,
59,"2026-02-07T18:06:36.179513+00:00Z",Boar,Hot Rod part,34,58,58,95,10,10,20,20,,,,
60,"2026-02-07T18:06:37.105821+00:00Z",Devilry,Hot Rod part,22,39,39,63,10,10,20,20,,,,
61,"2026-02-07T18:06:38.157758+00:00Z",Downstream,Hot Rod part,16,28,28,45,10,10,20,20,,,,
62,"2026-02-07T18:06:39.287146+00:00Z",Flaming rakes,Hot Rod part,16,28,28,45,10,10,20,20,,,,
63,"2026-02-07T18:06:40.342991+00:00Z",Left thorn,Hot Rod part,10,17,17,27,10,10,20,20,,,,
64,"2026-02-07T18:06:41.492805+00:00Z",Pill,"Pestilence"" part",13,22,22,36,10,10,20,20,,,,
65,"2026-02-07T18:06:42.652401+00:00Z",Left plaster,"Pestilence"" part",11,20,20,32,10,10,20,20,,,,
66,"2026-02-07T18:06:43.749263+00:00Z",Bandage,"""Pestiltence"" part",19,33,33,54,10,10,20,20,,,,
67,"2026-02-07T18:06:44.889712+00:00Z",Minivan panel,Bus part,48,82,82,135,10,10,20,20,,,,
68,"2026-02-07T18:06:45.960687+00:00Z",Bus panel,Bus part,38,66,66,108,10,10,20,20,,,,
69,"2026-02-07T18:06:46.977988+00:00Z",Scorched,Hot Rod part,35,60,60,99,10,10,20,20,,,,
70,"2026-02-07T18:06:47.990567+00:00Z",Rollover,Hot Rod part,21,36,36,59,10,10,20,20,,,,
71,"2026-02-07T18:06:49.329830+00:00Z",Right thorn,Hot Rod part,10,17,7,27,10,10,20,20,,,,
72,"2026-02-07T18:06:50.540104+00:00Z",Peaky blinder,Hot Rod part,13,22,22,36,10,10,20,20,,,,
73,"2026-02-07T18:06:52.083825+00:00Z",Right plaster,"""Pestilence"" part",11,20,20,32,10,10,20,20,,,,
74,"2026-02-07T18:06:53.368378+00:00Z","""Flaming one"" trunk","""Flaming one"" part",58,99,99,162,10,10,20,20,,,,
75,"2026-02-07T18:06:54.149452+00:00Z",Medium strut,Strut,8,16,16,28,15,15,,,,,,
76,"2026-02-07T18:06:55.261166+00:00Z",Small strut,Strut,3,7,7,12,15,15,,,,,,
77,"2026-02-07T18:06:56.303208+00:00Z",Torino bonnet,Torino part,61,119,119,213,15,15,,,,,,
78,"2026-02-07T18:06:57.301769+00:00Z",Torino fender,Torino part,16,32,32,56,15,15,,,,,,
79,"2026-02-07T18:06:58.311122+00:00Z",Torino nosecut,Torino part,26,50,50,90,15,15,,,,,,
80,"2026-02-07T18:06:59.267870+00:00Z",Torino rear,Torino part,16,32,32,56,15,15,,,,,,
81,"2026-02-07T18:07:00.615930+00:00Z","""Furia"" nosecut","Parts of ""Furria""",22,44,44,79,15,15,,,,,,
83,"2026-02-07T18:07:04.338538+00:00Z",Fender,Van part,16,32,32,56,15,15,,,,,,
84,"2026-02-07T18:07:05.346528+00:00Z",Canvas roof,Van part,38,75,15,3,15,15,,,,,,
85,"2026-02-07T18:07:06.463339+00:00Z",Back wall,Van part,53,103,103,185,15,15,,,,,,
86,"2026-02-07T18:07:07.540005+00:00Z",Sports car hull back,Vintage part,35,69,69,124,15,15,,,,,,
87,"2026-02-07T18:07:08.566367+00:00Z",Right vintage fender,Vintage part,12,24,2,42,15,15,,,,,,
88,"2026-02-07T18:07:09.685120+00:00Z",Left vintage fender,Vintage part,12,24,2,42,15,15,,,,,,
89,"2026-02-07T18:07:10.828636+00:00Z","Right ""Furia"" fender","Part of ""Furia""",10,19,19,34,15,15,,,,,,
90,"2026-02-07T18:07:12.009951+00:00Z","Left ""Furia"" fender","Part of ""Furia""",10,19,19,34,15,15,,,,,,
91,"2026-02-07T18:07:12.888787+00:00Z",Minivan sideboard,Van part,16,32,32,56,15,15,,,,,,
92,"2026-02-07T18:07:13.994995+00:00Z",Offroader side,Van part,24,47,47,84,15,15,,,,,,
93,"2026-02-07T18:07:14.990139+00:00Z",Rear door,Van part,56,109,109,196,15,15,,,,,,
95,"2026-02-07T18:07:17.068239+00:00Z",Running board,Van part,10,19,19,34,15,15,,,,,,
96,"2026-02-07T18:07:18.005702+00:00Z",Truck rib,Van part,11,23,23,40,15,15,,,,,,
97,"2026-02-07T18:07:18.853999+00:00Z",Van ramp,Van part,3,7,7,12,15,15,,,,,,
98,"2026-02-07T18:07:19.862415+00:00Z",Van side,Van part,13,25,3,45,15,15,,,,,,
99,"2026-02-07T18:07:20.856897+00:00Z",Van window,Van part,14,29,29,51,15,15,,,,,,
100,"2026-02-07T18:07:21.893313+00:00Z",Avia wide slope,Plane part,11,25,25,48,20,15,15,15,,,,
101,"2026-02-07T18:07:22.856269+00:00Z",Avia strut,Plane part,4,10,10,19,20,15,15,15,,,,
102,"2026-02-07T18:07:23.856459+00:00Z",Avia slope,Plane part,6,13,13,24,20,15,15,15,,,,
103,"2026-02-07T18:07:24.875939+00:00Z",Avia panel small,Plane part,6,14,14,27,20,15,15,15,,,,
104,"2026-02-07T18:07:25.904054+00:00Z",Avia panel large,Plane part,26,56,56,108,20,15,15,15,,,,
105,"2026-02-07T18:07:26.873944+00:00Z",Avia panel,Plane part,13,28,28,54,20,15,15,15,,,,
106,"2026-02-07T18:07:27.821135+00:00Z",Avia narrow slope,Plane part,3,7,7,12,20,15,15,15,,,,
107,"2026-02-07T18:07:28.830216+00:00Z",Avia double slope,Plane part,31,67,67,130,20,15,15,15,,,,
108,"2026-02-07T18:07:29.766916+00:00Z",Airplane interior,Plane part,45,97,97,189,20,15,15,15,,,,
109,"2026-02-07T18:07:32.371752+00:00Z",Dual avia slope,Plane part,32,70,70,135,20,15,15,15,,,,
110,"2026-02-07T18:07:33.853528+00:00Z",Left avia air intake,Plane part,32,70,70,135,20,15,15,15,,,,
111,"2026-02-07T18:07:34.852041+00:00Z",Left avia fender,Plane part,30,66,66,128,20,15,15,15,,,,
113,"2026-02-07T18:07:37.181953+00:00Z",Left side air intake,Plane part,11,25,25,48,20,15,15,15,,,,
114,"2026-02-07T18:07:38.018376+00:00Z",Narrow wing,Plane part,29,63,63,121,20,15,15,15,,,,
115,"2026-02-07T18:07:39.244601+00:00Z",Oblique slope,Plane part,10,23,23,44,20,15,15,15,,,,
116,"2026-02-07T18:07:40.374235+00:00Z",Oblique slope narrow,Plane part,5,12,12,22,20,15,15,15,,,,
117,"2026-02-07T18:07:41.534871+00:00Z",Oblique slope wide,Plane part,21,46,46,88,20,15,15,15,,,,
120,"2026-02-07T18:07:45.102261+00:00Z",Right side air intake,Plane part,11,25,25,48,20,15,15,15,,,,
121,"2026-02-07T18:07:46.102695+00:00Z",Right filter,Plane part,5,11,11,21,20,15,15,15,,,,
122,"2026-02-07T18:07:47.190517+00:00Z",Right avia fender,Plane part,30,66,66,128,20,15,15,15,,,,
123,"2026-02-07T18:07:48.428412+00:00Z",Right avia air intake,Plane part,32,70,70,135,20,15,15,15,,,,
124,"2026-02-07T18:07:49.286823+00:00Z",Plane nose,Plane part,7,16,16,31,20,15,15,15,,,,
125,"2026-02-07T18:07:50.472742+00:00Z",Plane air intake,Plane part,18,38,38,74,20,15,15,15,,,,
126,"2026-02-07T18:07:51.582687+00:00Z",Oblique strut,Plane part,9,19,19,37,20,15,15,15,,,,
130,"2026-02-07T18:07:56.137828+00:00Z",Narrow fuselage slope,Helicopter part,5,11,11,21,20,15,15,15,,,,
131,"2026-02-07T18:07:57.220034+00:00Z",Right fairing bottom,Helicopter part,6,14,14,27,20,15,15,15,,,,
132,"2026-02-07T18:07:58.292813+00:00Z",Right fairing top |,Helicopter part,14,32,32,61,20,15,15,15,,,,
133,"2026-02-07T18:07:59.377048+00:00Z",Right fuselage vault,Helicopter part,11,25,25,48,20,15,15,15,,,,
134,"2026-02-07T18:08:00.625275+00:00Z",Right helicopter wing,Helicopter part,28,18,35,44,,,,,,,0,
135,"2026-02-07T18:08:01.741344+00:00Z",Tail boom base,Helicopter part,18,38,38,74,20,15,15,15,,,,
136,"2026-02-07T18:08:04.700541+00:00Z",Left Death fender,"""Death"" part",10,23,23,48,10,10,20,20,,,,
137,"2026-02-07T18:08:05.689361+00:00Z",Finale,"""Death"" part",32,70,170,135,10,10,20,20,,,,
138,"2026-02-07T18:08:06.757052+00:00Z","""Hot Rod"" trunk",Hot Rod part,20,44,44,85,15,15,,,,,,
139,"2026-02-07T18:08:07.748660+00:00Z","""Hot Rod"" right rear fender",Hot Rod part,19,42,42,81,15,15,,,,,,
140,"2026-02-07T18:08:08.665219+00:00Z","""Hot Rod"" right fender",Hot Rod part,12,27,27,51,15,15,,,,,,
141,"2026-02-07T18:08:09.696884+00:00Z","""Hot Rod"" left rear fender",Hot Rod part,19,42,42,81,15,15,,,,,,
142,"2026-02-07T18:08:10.754721+00:00Z","""Hot Rod"" left fender",Hot Rod part,12,27,27,51,15,15,,,,,,
143,"2026-02-07T18:08:11.702752+00:00Z","""Hot Rod"" hood",Hot Rod part,29,63,63,121,15,15,,,,,,
145,"2026-02-07T18:08:13.878035+00:00Z",Right Death fender,"""Death"" part",10,23,23,48,10,10,20,20,,,,
146,"2026-02-07T18:08:14.873658+00:00Z",Air intake,Mars rover part,2,4,4,8,,,0,0,,50,,
147,"2026-02-07T18:08:15.966138+00:00Z",Broken radiator,Mars rover part,10,23,23,48,,,0,0,,50,,
148,"2026-02-07T18:08:17.135720+00:00Z",Control module,Mars rover part,14,34,34,71,,,0,0,,50,,
149,"2026-02-07T18:08:18.182981+00:00Z",Cooling system,Mars rover part,32,75,75,157,,,0,0,,50,,
150,"2026-02-07T18:08:19.160839+00:00Z",Frame corner,Mars rover part,14,32,32,61,,,40,40,,50,,
151,"2026-02-07T18:08:20.264912+00:00Z",Hull back,Mars rover part,27,64,64,134,,,0,0,,50,,
152,"2026-02-07T18:08:21.448838+00:00Z",Hull part,Mars rover part,5,12,12,24,,,0,0,,50,,
153,"2026-02-07T18:08:22.704419+00:00Z",Large assembly section,Mars rover part,51,120,120,251,,,0,0,,50,,
154,"2026-02-07T18:08:23.860713+00:00Z",Battle walker shoulder left,Heavy machinery part,102,74,147,202,,,,,,,,
155,"2026-02-07T18:08:24.639347+00:00Z",Ventilation box,Mars rover part,14,34,34,71,,,40,40,,50,,
156,"2026-02-07T18:08:25.804730+00:00Z",Small assembly section,Mars rover part,38,90,90,189,,,40,40,,50,,
157,"2026-02-07T18:08:26.996085+00:00Z",Right heat sink,Mars rover part,16,38,38,79,,,40,40,,50,,
158,"2026-02-07T18:08:27.841233+00:00Z",Reflector,Mars rover part,32,75,75,157,,,40,40,,50,,
159,"2026-02-07T18:08:28.852378+00:00Z",Panel arch,Mars rover part,48,113,113,236,,,40,40,,50,,
160,"2026-02-07T18:08:29.848399+00:00Z",Observation pod,Mars rover part,16,38,38,79,,,40,40,,50,,
161,"2026-02-07T18:08:30.870794+00:00Z",Mounting bracket,Mars rover part,56,38,75,99,,,,,,,0,
163,"2026-02-07T18:09:16.657237+00:00Z",Battle walker shoulder right,Heavy machinery part,102,74,147,202,,,,,,,50,
164,"2026-02-07T18:09:17.678331+00:00Z",Crane hull left,Heavy machinery part,14,36,36,81,15,15,15,15,,15,,
165,"2026-02-07T18:09:18.845400+00:00Z",Crane hull right,Heavy machinery part,14,36,36,81,15,15,15,15,,15,,
166,"2026-02-07T18:09:19.838743+00:00Z",Crane plug left,Heavy machinery part,6,16,16,36,15,15,15,15,,15,,
167,"2026-02-07T18:09:20.798752+00:00Z",Crane plug right,Heavy machinery part,6,16,16,36,15,15,15,15,,15,,
168,"2026-02-07T18:09:21.775328+00:00Z",Crane side left,Heavy machinery part,58,144,144,323,15,15,15,15,,15,,
169,"2026-02-07T18:09:22.763583+00:00Z",Crane side right,Heavy machinery part,58,144,144,323,15,15,15,15,,15,,
170,"2026-02-07T18:09:23.716091+00:00Z",Digger hull,Heavy machinery part,34,84,84,189,15,15,15,15,,15,,
171,"2026-02-07T18:09:24.879762+00:00Z",Digger side,Heavy machinery part,22,70,170,157,15,15,15,15,,15,,
172,"2026-02-07T18:09:25.860832+00:00Z",Large platform,Heavy machinery part,26,64,64,144,15,15,15,15,,15,,
173,"2026-02-07T18:09:27.041684+00:00Z",Frontend,Heavy machinery part,42,104,104,233,15,15,15,15,,15,,
174,"2026-02-07T18:09:27.968045+00:00Z",Excavator trunk lid,Heavy machinery part,26,66,66,148,15,15,15,15,,15,,
175,"2026-02-07T18:09:29.219233+00:00Z",Excavator side cover,Heavy machinery part,34,84,84,189,15,15,15,15,,15,,
176,"2026-02-07T18:09:30.369134+00:00Z",Excavator right fender,Heavy machinery part,30,76,76,171,15,15,15,15,,15,,
177,"2026-02-07T18:09:31.646557+00:00Z",Excavator plating right,Heavy machinery part,4,24,2,54,15,15,15,15,,15,,
178,"2026-02-07T18:09:32.710803+00:00Z",Excavator plating left,Heavy machinery part,4,24,2,54,15,15,15,15,,15,,
179,"2026-02-07T18:09:33.412119+00:00Z",Excavator left fender,Heavy machinery part,30,76,76,171,15,15,15,15,,15,,
180,"2026-02-07T18:09:34.411164+00:00Z",Excavator hood,Heavy machinery part,35,88,88,198,15,15,15,15,,15,,
181,"2026-02-07T18:09:35.331452+00:00Z",Sloped platform,Heavy machinery part,11,28,28,63,15,15,15,15,,15,,
182,"2026-02-07T18:09:36.345327+00:00Z",Small digger side,Heavy machiniery part,18,44,44,99,15,15,15,15,,15,,
185,"2026-02-07T18:09:39.133131+00:00Z",Haramaki,Syndicate parts,30,69,69,139,25,,15,15,,30,,
186,"2026-02-07T18:09:40.393582+00:00Z",Horo,Syndicate Parts,136,306,306,619,25,,15,15,,30,,
187,"2026-02-07T18:09:41.199532+00:00Z",Left kohire,Syndicate part,19,44,44,88,25,,15,15,,30,,
190,"2026-02-07T18:09:45.864239+00:00Z",Right sendan,Syndicate parts,27,62,62,124,25,,15,15,,30,,
192,"2026-02-07T18:09:47.878444+00:00Z",Right kote,Syndicate parts,6,15,15,30,25,,15,15,,30,,
193,"2026-02-07T18:09:48.959300+00:00Z",Right kohire,Syndicate parts,19,44,44,88,25,,15,15,,30,,
194,"2026-02-07T18:09:50.027749+00:00Z",Nodowa,Syndicate parts,26,58,58,117,25,,15,15,,30,,
195,"2026-02-07T18:09:50.900149+00:00Z",Mempo,Syndicate parts,58,130,130,263,25,,15,15,,30,,
196,"2026-02-07T18:09:51.866087+00:00Z",Left suneate,Syndicate parts,22,51,51,102,25,,15,15,,30,,
197,"2026-02-07T18:09:52.892138+00:00Z",Left sode,Syndicate parts,8,19,19,37,25,,15,15,,30,,
198,"2026-02-07T18:09:53.996044+00:00Z",Left sendan,Syndicate parts,27,62,62,124,25,,15,15,,30,,
199,"2026-02-07T18:09:54.978568+00:00Z",Right sode,Syndicate parts,8,19,19,37,25,,15,15,,30,,
200,"2026-02-07T18:09:55.945457+00:00Z",Right suneate,Syndicate parts,22,51,51,102,25,,15,15,,30,,
201,"2026-02-07T18:09:56.801998+00:00Z",Saya,Syndicate parts,77,47,94,118,,,,,,,,
203,"2026-02-07T18:09:58.828508+00:00Z",Tanko,Syndicate parts,22,51,51,102,25,,15,15,,30,,
204,"2026-02-07T18:09:59.898300+00:00Z",Tenmaku,Syndicate parts,10,22,22,44,25,,15,15,,30,,
207,"2026-02-07T18:10:03.120009+00:00Z",Captain‘s bridge,Cast part,26,63,63,135,30,,15,15,,15,,
208,"2026-02-07T18:10:04.031706+00:00Z",Left plumata,Ravagers part,18,33,33,56,,10,20,20,,30,,
209,"2026-02-07T18:10:04.958857+00:00Z",Ventilation outlet,Cast part,32,78,78,168,30,,15,15,,15,,
210,"2026-02-07T18:10:06.091253+00:00Z",Right pauldron,Cast part,3,8,8,17,30,,15,15,,15,,
211,"2026-02-07T18:10:07.109712+00:00Z",Left pauldron,Cast part,3,8,8,17,30,,15,15,,15,,
212,"2026-02-07T18:10:07.764723+00:00Z",Deck,Cast part ;,22,55,55,118,30,,15,15,,15,,
213,"2026-02-07T18:10:08.724089+00:00Z",Cast side part,Cast part,19,47,47,101,30,,15,15,,15,,
214,"2026-02-07T18:10:09.716729+00:00Z",Cast right corner,Cast part,42,101,101,219,30,,15,15,,15,,
215,"2026-02-07T18:10:10.682494+00:00Z",Cast left corner,Cast part,42,101,101,219,30,,15,15,,15,,
216,"2026-02-07T18:10:11.652045+00:00Z",Cast half arc,Cast part,22,55,55,118,30,,15,15,,15,,
217,"2026-02-07T18:10:14.738887+00:00Z",Manica left,Ravagers part,61,112,112,192,,10,20,20,,30,,
218,"2026-02-07T18:10:16.034480+00:00Z",Manica right,Ravagers part,61,112,112,192,,10,20,20,,30,,
219,"2026-02-07T18:10:17.055589+00:00Z",Montefortino,Ravagers part,59,109,109,187,,10,20,20,,30,,
220,"2026-02-07T18:10:18.070475+00:00Z",Right plumata,Ravagers part,18,33,33,56,,10,20,20,,30,,
221,"2026-02-07T18:10:18.973415+00:00Z",Thorax,Ravagers part,26,10,19,28,,,,,,,,
223,"2026-02-07T18:10:21.587922+00:00Z",Left paw,Printed part,29,66,66,132,25,,15,15,,30,,
224,"2026-02-07T18:10:22.525601+00:00Z",Right knee,Printed part,5,11,11,22,25,,15,15,,30,,
225,"2026-02-07T18:10:23.766253+00:00Z",Right paw,Printed part,29,66,66,132,25,,15,15,,30,,
226,"2026-02-07T18:10:24.313954+00:00Z",Straight pipe,Pipes,6,18,18,41,10,25,,,,,,
227,"2026-02-07T18:10:25.253090+00:00Z",Pipe shield,Pipes,13,34,34,81,10,25,,,,,,
228,"2026-02-07T18:10:26.272813+00:00Z",Long pipe shield,Pipes,19,51,51,121,10,25,,,,,,
229,"2026-02-07T18:10:27.258750+00:00Z",Curved pipe,Pipes,4,10,10,23,10,25,,,,,,
231,"2026-02-07T18:10:29.328121+00:00Z",Left shoulder,Corrida part,3,8,8,16,20,15,15,15,,,,
232,"2026-02-07T18:10:30.404820+00:00Z",Corrida right fender,Corrida part,29,68,68,142,20,15,15,15,,,,
233,"2026-02-07T18:10:31.373424+00:00Z",Corrida nosecut,Corrida part,35,83,83,173,20,15,15,15,,,,
234,"2026-02-07T18:10:32.372557+00:00Z",Corrida left fender,Corrida part,29,68,68,142,20,15,15,15,,,,
235,"2026-02-07T18:10:33.091719+00:00Z",T-pipe,Pipes,3,9,9,21,10,25,,,,,,
236,"2026-02-07T18:10:34.058318+00:00Z",Thick pipe mudguard,Pipes,9,28,28,66,10,25,,,,,,
237,"2026-02-07T18:10:34.967157+00:00Z",Barrel quarter,Container scrap,5,14,14,32,10,25,,,,,,
238,"2026-02-07T18:10:35.901457+00:00Z",Container wall,Container scrap,51,135,135,323,10,25,,,,,,
239,"2026-02-07T18:10:37.252569+00:00Z",Corner platform left,Container scrap,38,101,101,242,10,25,,,,,,
240,"2026-02-07T18:10:38.331504+00:00Z",Corner platform right,Container scrap,38,101,101,242,10,25,,,,,,
242,"2026-02-07T18:10:40.080452+00:00Z",Large fender,Container scrap,42,110,110,263,10,25,,,,,,
243,"2026-02-07T18:10:40.877665+00:00Z",Large slope,Container scrap,16,43,43,101,10,25,,,,,,
244,"2026-02-07T18:10:43.473954+00:00Z",Twin slope,Container scrap,10,26,26,61,10,25,,,,,,
245,"2026-02-07T18:10:44.493101+00:00Z",Truck slope,Container scrap,5,13,13,31,10,25,,,,,,
247,"2026-02-07T18:10:46.819536+00:00Z",Tram car doors,Container scrap,34,89,89,212,10,25,,,,,,
248,"2026-02-07T18:10:47.689944+00:00Z",Reinforced right corner,Container scrap,10,26,26,61,10,25,,,,,,
249,"2026-02-07T18:10:48.634987+00:00Z",Reinforced left corner,Container scrap,10,26,26,61,10,25,,,,,,
250,"2026-02-07T18:10:49.469604+00:00Z",Quarter wall,Container scrap,13,34,34,81,10,25,,,,,,
251,"2026-02-07T18:10:50.489584+00:00Z",Metal box,Container scrap,6,18,18,41,10,25,,,,,,
252,"2026-02-07T18:10:51.587077+00:00Z",Long slope,Container scrap,38,101,101,242,10,25,,,,,,
253,"2026-02-07T18:10:52.517229+00:00Z",Wide slope,Container scrap,10,26,26,61,10,25,,,,,,
254,"2026-02-07T18:10:53.535977+00:00Z",Battle walker corner,Battle walker part,24,47,47,84,10,25,,,,,,
255,"2026-02-07T18:10:54.506056+00:00Z",Battle walker left stand,Battle walker part,8,22,22,51,10,25,,,,,,
256,"2026-02-07T18:10:55.529779+00:00Z",Battle walker right stand,Battle walker part,8,22,22,51,10,25,,,,,,
257,"2026-02-07T18:10:56.428085+00:00Z",Battle walker side,Battle walker part,38,101,101,242,10,25,,,,,,
258,"2026-02-07T18:10:57.374643+00:00Z",Left radiator bonnet,Battle walker part,38,30,59,84,,,,,,,,
259,"2026-02-07T18:10:58.261222+00:00Z",Right radiator bonnet,Battle walker part,38,30,59,84,,,,,,,,
260,"2026-02-07T18:10:59.464774+00:00Z",Left phantom fender,Phantom part,40,105,105,252,10,25,,,,,,
261,"2026-02-07T18:11:00.128075+00:00Z",Rear cover,Phantom part,22,58,58,137,10,25,,,,,,
263,"2026-02-07T18:11:02.228508+00:00Z",APC door,APC part,22,62,62,157,10,25,,,,15,,
265,"2026-02-07T18:11:04.178806+00:00Z",Wedge,"""War"" part",26,71,71,180,10,25,,,,15,,
266,"2026-02-07T18:11:05.076922+00:00Z",Vanguard,"War"" part",13,36,36,90,10,25,,,,15,,
267,"2026-02-07T18:11:06.055155+00:00Z",Line of defence,"""War"" part",32,88,88,224,10,25,,,,15,,
268,"2026-02-07T18:11:06.981944+00:00Z",Home front,"""War"" part",45,124,124,314,10,25,,,,15,,
269,"2026-02-07T18:11:08.139353+00:00Z",Eastern front,"""War"" part",19,53,53,135,10,25,,,,15,,
270,"2026-02-07T18:11:09.200597+00:00Z",Right phantom fender,Phantom part,40,105,105,252,10,25,,,,,,
271,"2026-02-07T18:11:11.407701+00:00Z",APC fender right,APC part,9,25,25,62,10,25,,,,15,,
272,"2026-02-07T18:11:12.622361+00:00Z",APC rear,APC part,45,124,124,314,10,25,,,,15,,
273,"2026-02-07T18:11:13.583484+00:00Z",APC roof part,APC part,51,141,141,359,10,25,,,,15,,
274,"2026-02-07T18:11:14.540375+00:00Z",APC side part,APC part,26,71,71,180,10,25,,,,15,,
275,"2026-02-07T18:11:15.490927+00:00Z",Armored hatch,APC part,42,115,115,293,10,25,,,,15,,
276,"2026-02-07T18:11:16.281428+00:00Z",Hard module,APC part,40,110,110,280,10,25,,,,15,,
277,"2026-02-07T18:11:17.266534+00:00Z",Large APC panel,APC part,38,106,106,269,10,25,,,,15,,
279,"2026-02-07T18:11:19.196450+00:00Z",Observation compartment,APC part,112,91,182,2712,,,,,,,,
280,"2026-02-07T18:11:21.165089+00:00Z",Thin strike plate,APC part,3,10,10,23,10,25,,,,15,,
281,"2026-02-07T18:11:22.098155+00:00Z",Tank side part,APC part,19,53,53,135,10,25,,,,15,,
282,"2026-02-07T18:11:23.150169+00:00Z",Strengthened ventilated slope,APC part,10,27,27,68,10,25,,,,15,,
283,"2026-02-07T18:11:23.991955+00:00Z",Strengthened twin slope,APC part,5,14,14,34,10,25,,,,15,,
284,"2026-02-07T18:11:25.037163+00:00Z",Strengthened slope,APC part,21,58,58,146,10,25,,,,15,,
285,"2026-02-07T18:11:25.929847+00:00Z",Small tank side part,APC part,10,27,27,68,10,25,,,,15,,
286,"2026-02-07T18:11:26.940478+00:00Z",Small APC roof part,APC part,10,27,27,68,10,25,,,,15,,
287,"2026-02-07T18:11:27.831608+00:00Z",Small APC panel,APC part,42,115,115,292,10,25,,,,15,,
289,"2026-02-07T18:11:29.893707+00:00Z",Left barrier,Scout vehicle part,6,16,16,40,10,25,,,,15,,
290,"2026-02-07T18:11:30.792906+00:00Z",Right barrier,Scout vehicle part,6,16,16,40,10,25,,,,15,,
291,"2026-02-07T18:11:31.695938+00:00Z",Bartizan,WLP part,32,88,88,224,10,25,,,,,,
292,"2026-02-07T18:11:32.756234+00:00Z",Left rampart,WLP part,16,44,44,112,10,25,,,,15,,
293,"2026-02-07T18:11:33.720670+00:00Z",Right rampart,WLP part,16,44,44,112,10,25,,,,15,,
294,"2026-02-07T18:11:34.845592+00:00Z",Electric car nosecut,Electric car part,42,59,59,88,15,15,,,,,,
295,"2026-02-07T18:11:35.979109+00:00Z",Armour slab,Reinforced part,35,93,49,184,85,50,65,65,,65,,
296,"2026-02-07T18:11:36.881780+00:00Z",Battle walker cover plate,Reinforced part,27,85,54,172,60,75,50,50,,50,,
297,"2026-02-07T18:11:40.475142+00:00Z",Cranium,Bumper,32,,69,121,,,7,,10,,30,85
298,"2026-02-07T18:11:41.836539+00:00Z",Bumper Spike,Bumper,44,,65,81,,,65,,20,,,
299,"2026-02-07T18:11:43.103999+00:00Z","Bumper ""Catch""",Bumper,21,,45,67,,,70,,10,,,85
301,"2026-02-07T18:11:45.538186+00:00Z",Buggy bumper,Bumper,69,,91,114,,,65,,20,,15,
302,"2026-02-07T18:11:46.671581+00:00Z",Buffer,Bumper,261,,565,988,,,70,,10,,,85
303,"2026-02-07T18:11:48.130019+00:00Z",Backend,Bumper,118,,287,538,,,75,,5,,,90
304,"2026-02-07T18:11:49.166202+00:00Z",Armoured nose,Bumper,148,,373,146,,,75,,5,,,90
305,"2026-02-07T18:11:50.367400+00:00Z",Air splitter,Bumper,35,,70,113,,,70,,10,,30,85
306,"2026-02-07T18:11:51.381456+00:00Z",Defence line,Bumper,29,,84,179,,,75,,5,,,90
308,"2026-02-07T18:11:53.784185+00:00Z",Devil‘s gaze,Bumper,68,,117,161,,,65,,20,,,
309,"2026-02-07T18:11:54.993424+00:00Z",Flayer,Bumper,48,,84,116,,,65,,20,,,
310,"2026-02-07T18:11:56.082724+00:00Z",Freight train plow,Bumper,337,,807,613,,,75,,5,,,90
311,"2026-02-07T18:11:57.187726+00:00Z",Frontal Protection System,Bumper,20,,26,33,,,65,,20,,30,
314,"2026-02-07T18:12:00.767416+00:00Z",Haraate,Bumper,10,,225,319,,,70,,10,,,85
315,"2026-02-07T18:12:01.957879+00:00Z",Offroader bumper,Bumper,34,,67,101,,,70,,10,,10,85
316,"2026-02-07T18:12:02.900517+00:00Z",Nostrils,Bumper,40,,16,114,,,70,,10,,15,85
317,"2026-02-07T18:12:04.024726+00:00Z",Nibbler,Bumper,29,,52,72,,,65,,20,,,
318,"2026-02-07T18:12:05.209128+00:00Z",Mengu,Bumper,68,,155,262,,,70,,10,,,85
319,"2026-02-07T18:12:06.299187+00:00Z",Mariposa,Bumper,29,,63,103,,,70,,10,,15,85
320,"2026-02-07T18:12:07.294309+00:00Z",Left sports car bumper,Bumper,52,,105,157,,,70,,10,,,85
321,"2026-02-07T18:12:08.447015+00:00Z",Left bulwark,Bumper,89,,161,232,,,65,,20,,,
322,"2026-02-07T18:12:09.486850+00:00Z",Left APC bumper,Bumper,52,,148,314,,,75,,5,,,90
323,"2026-02-07T18:12:10.808892+00:00Z",Impact bumper,Bumper,40,,91,160,,,65,,20,,15,
324,"2026-02-07T18:12:17.558349+00:00Z",Pioneer‘s bumper,Bumper,27,,54,81,,,7,,10,,10,85
325,"2026-02-07T18:12:18.526868+00:00Z",Plow blade,Bumper,68,,182,363,,,75,,5,,,90
326,"2026-02-07T18:12:19.552951+00:00Z",Pole position,Bumper,44,,65,81,,,65,,20,,,
327,"2026-02-07T18:12:20.505631+00:00Z",Puncher,Bumper,10,,140,175,,,65,,20,,,
328,"2026-02-07T18:12:21.670045+00:00Z",Right APC bumper,Bumper,52,,148,314,,,75,,5,,,90
329,"2026-02-07T18:12:22.704783+00:00Z",Right bulwark,Bumper,89,,161,232,,,65,,20,,,
330,"2026-02-07T18:12:23.585456+00:00Z",Right sports car bumper,Bumper,52,,105,157,,,7,,10,,,85
331,"2026-02-07T18:12:24.678819+00:00Z",Screener,Bumper,50,,107,188,,,70,,10,,25,85
332,"2026-02-07T18:12:25.557474+00:00Z",Sentry line,Bumper,44,,127,269,,,75,,5,,,90
333,"2026-02-07T18:12:26.518710+00:00Z",Train plow,Bumper,161,,403,806,,,75,,5,,,90
334,"2026-02-07T18:12:27.624110+00:00Z",The Omen,Bumper,29,,52,72,,,65,,20,,,
335,"2026-02-07T18:12:28.486235+00:00Z",Terribull bar,Bumper,59,,131,262,,,75,,5,,35,90
336,"2026-02-07T18:12:29.726003+00:00Z",Stranglehold,Bumper,40,,72,99,,,65,,20,,,
337,"2026-02-07T18:12:31.322609+00:00Z",Snow plow,Bumper,186,,426,773,,,75,,5,,,90
338,"2026-02-07T18:12:31.785286+00:00Z",Snow cutter right,Bumper,76,,185,336,,,75,,5,,,90
339,"2026-02-07T18:12:32.739150+00:00Z",Snow cutter left,Bumper,76,,185,336,,,75,,5,,,90
340,"2026-02-07T18:12:33.470482+00:00Z",Small plow,Bumper,76,,166,269,,,70,,10,,,85
341,"2026-02-07T18:12:34.720743+00:00Z",Shock absorber,Bumper,44,,94,165,,,70,,10,,25,85
342,"2026-02-07T18:12:35.662329+00:00Z",Veil,Bumper,48,,131,262,,,75,,5,,,90
343,"2026-02-07T18:12:36.661055+00:00Z",BladeWing,Passive melee weapon,18,,38,53,,,55,,35,,25,
344,"2026-02-07T18:12:38.037165+00:00Z",Cutter,Passive melee weapon,11,,20,35,,,50,,50,,25,75
345,"2026-02-07T18:12:38.596536+00:00Z",Hatchet,Passive melee weapon,22,,46,59,,,55,,35,,,
348,"2026-02-07T18:12:41.800739+00:00Z",Large thorn,Passive melee weapon,32,,51,60,,,50,,50,,25,75
349,"2026-02-07T18:12:42.854442+00:00Z",Left flail,Passive melee weapon,42,,120,218,,,60,,20,,,85
350,"2026-02-07T18:12:43.791427+00:00Z",Medium thorn,Passive melee weapon,15,,25,30,,,50,,50,,25,75
352,"2026-02-07T18:12:46.824305+00:00Z",Small thorn,Passive melee weapon,7,,13,15,,,50,,50,,25,75
353,"2026-02-07T18:12:47.910599+00:00Z",Right flail,Passive melee weapon,42,,120,218,,,60,,20,,,85
354,"2026-02-07T18:12:48.976819+00:00Z",Pipetooth,Passive melee weapon,21,,34,40,,,50,,50,,25,75
356,"2026-02-07T18:15:58.176702+00:00Z",Tray,Buggy part,34,48,48,71,,5,10,10,,,,
358,"2026-02-07T18:21:03.742372+00:00Z",Side guard left,"""Bully"" part",10,14,14,21,5,5,10,10,,,,
361,"2026-02-07T18:29:31.283589+00:00Z",Right shielded fender,"""Bully"" part",6,8,8,12,5,5,10,10,,,,
362,"2026-02-07T18:29:43.834854+00:00Z","""Furia"" nosecut","Part of ""Furia""",22,44,44,79,15,15,,,,,,
363,"2026-02-07T18:30:05.840070+00:00Z",Sports car hull back,Vintage part,35,69,69,124,15,15,,,,,,
365,"2026-02-07T18:31:00.553173+00:00Z",Buggy floor,Frame part,56,,16,18,,,,,,,90,
366,"2026-02-07T18:31:01.525021+00:00Z",Buggy trunk,Frame part,28,,8,9,,,,,,,90,
367,"2026-02-07T18:31:02.556710+00:00Z",Gun mount,Frame part,133,,38,43,,,,,,,90,
370,"2026-02-07T18:31:06.162239+00:00Z",Left elbow,Frame part,70,,29,34,,,,,,,90,
382,"2026-02-07T18:31:19.844341+00:00Z",Grater,Buggy part,5,8,8,11,5,5,10,10,,,,
388,"2026-02-07T18:31:26.267125+00:00Z",Buggy rear,Buggy part,41,58,58,86,5,5,10,10,,,,
394,"2026-02-07T18:31:34.603405+00:00Z",Left crutch,Buggy part,9,13,13,19,5,5,10,10,,,,
405,"2026-02-07T18:31:47.110571+00:00Z",Whaleback,Buggy part,38,54,54,0,5,5,10,10,,,,
407,"2026-02-07T18:31:49.440104+00:00Z",Step rail,Buggy part,19,28,28,41,,5,10,10,,,,
446,"2026-02-07T18:32:56.279229+00:00Z",Left offroader corner,Van part,18,35,35,62,15,15,,,,,,
458,"2026-02-07T18:33:09.119286+00:00Z",Right offroader corner,Van part,18,35,35,62,15,15,,,,,,
476,"2026-02-07T18:33:29.226173+00:00Z",Left filter,Plane part,5,11,11,21,20,15,15,15,,,,
482,"2026-02-07T18:33:35.674591+00:00Z",Left fairing bottom,Helicopter part,6,14,14,27,20,15,15,15,,,,
483,"2026-02-07T18:33:36.666248+00:00Z",Fuselage slope,Helicopter part,10,22,22,41,20,15,15,15,,,,
491,"2026-02-07T18:33:45.327318+00:00Z",Left fairing top,Helicopter part,14,32,32,61,20,15,15,15,,,,
492,"2026-02-07T18:33:46.385862+00:00Z",Left fuselage vault,Helicopter part,11,25,25,48,20,15,15,15,,,,
493,"2026-02-07T18:33:47.320512+00:00Z",Left helicopter wing,Helicopter part,28,18,35,44,,,,,,,0,
508,"2026-02-07T18:34:04.972400+00:00Z","""Hot Rod"" grille",Hot Rod part,13,28,28,54,15,15,,,,,,
526,"2026-02-07T18:34:23.421049+00:00Z",Left heat sink,Mars rover part,16,38,38,79,,,40,40,,50,,
547,"2026-02-07T18:34:46.395123+00:00Z",Small platform,Heavy machinery part,13,32,32,72,15,15,15,15,,15,,
548,"2026-02-07T18:34:47.421405+00:00Z",Haidate,Syndicate parts,21,47,47,95,25,,15,15,,30,,
552,"2026-02-07T18:34:51.352030+00:00Z",Left kote,Syndicate parts,6,15,15,30,25,,15,15,,30,,
553,"2026-02-07T18:34:52.285417+00:00Z",Left kusazuri,Syndicate parts,10,22,22,44,25,,15,15,,30,,
555,"2026-02-07T18:34:55.621650+00:00Z",Right kusazuri,Syndicate parts,10,22,22,44,25,,15,15,,30,,
567,"2026-02-07T18:35:09.200924+00:00Z",Sikoro,Syndicate parts,58,130,130,263,25,,15,15,,30,,
570,"2026-02-07T18:35:12.181614+00:00Z",Tsuri,Syndicate parts,35,80,80,161,25,,15,15,,30,,
571,"2026-02-07T18:35:13.492480+00:00Z",Bulb,Cast part,58,140,140,303,30,,15,15,,15,,
587,"2026-02-07T18:35:32.190723+00:00Z",Left knee,Printed part,5,11,11,22,25,,15,15,,30,,
596,"2026-02-07T18:35:44.462956+00:00Z",Right shoulder,Corrida part,3,8,8,16,20,15,15,15,,,,
603,"2026-02-07T18:35:51.661077+00:00Z",Half-wall,Container scrap,26,68,68,162,10,25,,,,,,
616,"2026-02-07T18:36:05.824052+00:00Z",Truck door,Container scrap,51,135,3,323,10,25,,,,,,
618,"2026-02-07T18:36:07.916826+00:00Z",Twin slope,Container scrap,10,26,26,61,10,25,,,,,,
634,"2026-02-07T18:36:24.830452+00:00Z",Western front,"""War"" part",19,53,53,135,10,25,,,,15,,
636,"2026-02-07T18:36:27.625587+00:00Z",APC fender left,APC part,9,25,25,62,10,25,,,,15,,
638,"2026-02-07T18:36:31.151246+00:00Z",Left military truck fender,APC part,14,40,40,101,10,25,,,,15,,
646,"2026-02-07T18:36:39.581827+00:00Z",Right military truck fender,APC part,14,40,40,101,10,25,,,,15,,
655,"2026-02-07T18:36:48.442282+00:00Z","""Bully"" bumper",Bumper,40,,59,74,,,65,,20,,,
669,"2026-02-07T18:37:04.134006+00:00Z",Bullbar,Bumper,74,,90,113,,,65,,20,,30,
674,"2026-02-07T18:37:08.649025+00:00Z",Gessan,Bumper,169,,363,612,,,70,,10,,,85
675,"2026-02-07T18:37:09.488616+00:00Z",Fuselage,Bumper,131,,213,444,,,70,,10,,,85
680,"2026-02-07T18:37:13.963547+00:00Z",Defensive perimeter,Bumper,40,,116,246,,,75,,5,,,90
712,"2026-02-07T18:37:47.119973+00:00Z",King of birds,Passive melee weapon,67,,131,168,,,55,,35,,,
713,"2026-02-07T18:37:47.726818+00:00Z",Incisor,Passive melee weapon,24,,53,79,,,55,,35,,25,
721,"2026-02-07T18:37:55.351690+00:00Z",Twin BladeWing,Passive melee weapon,38,,16,106,,,55,,35,,25,
